{
   "providers":[
      {
         "file":"char/black.png",
         "chars":[
            ""
         ],
         "height":1,
         "ascent":-5000,
         "type":"bitmap"
      },
      {
         "file":"char/black.png",
         "chars":[
            ""
         ],
         "height":2,
         "ascent":-5000,
         "type":"bitmap"
      },
      {
         "file":"char/black.png",
         "chars":[
            ""
         ],
         "height":3,
         "ascent":-5000,
         "type":"bitmap"
      },
      {
         "file":"char/black.png",
         "chars":[
            ""
         ],
         "height":4,
         "ascent":-5000,
         "type":"bitmap"
      },
      {
         "file":"char/black.png",
         "chars":[
            ""
         ],
         "height":5,
         "ascent":-5000,
         "type":"bitmap"
      },
      {
         "file":"char/black.png",
         "chars":[
            ""
         ],
         "height":6,
         "ascent":-5000,
         "type":"bitmap"
      },
      {
         "file":"char/black.png",
         "chars":[
            ""
         ],
         "height":7,
         "ascent":-5000,
         "type":"bitmap"
      },
      {
         "file":"char/black.png",
         "chars":[
            ""
         ],
         "height":15,
         "ascent":-5000,
         "type":"bitmap"
      },
      {
         "file":"char/black.png",
         "chars":[
            ""
         ],
         "height":31,
         "ascent":-5000,
         "type":"bitmap"
      },
      {
         "file":"char/black.png",
         "chars":[
            ""
         ],
         "height":63,
         "ascent":-5000,
         "type":"bitmap"
      },
      {
         "file":"char/black.png",
         "chars":[
            ""
         ],
         "height":127,
         "ascent":-5000,
         "type":"bitmap"
      },
      {
         "file":"char/black.png",
         "chars":[
            ""
         ],
         "height":256,
         "ascent":-5000,
         "type":"bitmap"
      },
      {
         "file":"char/black.png",
         "chars":[
            ""
         ],
         "height":512,
         "ascent":-5000,
         "type":"bitmap"
      },
      {
         "file":"char/black.png",
         "chars":[
            ""
         ],
         "height":1024,
         "ascent":-5000,
         "type":"bitmap"
      },
      {
         "file":"char/black.png",
         "chars":[
            ""
         ],
         "height":-3,
         "ascent":-5000,
         "type":"bitmap"
      },
      {
         "file":"char/black.png",
         "chars":[
            ""
         ],
         "height":-4,
         "ascent":-5000,
         "type":"bitmap"
      },
      {
         "file":"char/black.png",
         "chars":[
            ""
         ],
         "height":-5,
         "ascent":-5000,
         "type":"bitmap"
      },
      {
         "file":"char/black.png",
         "chars":[
            ""
         ],
         "height":-6,
         "ascent":-5000,
         "type":"bitmap"
      },
      {
         "file":"char/black.png",
         "chars":[
            ""
         ],
         "height":-7,
         "ascent":-5000,
         "type":"bitmap"
      },
      {
         "file":"char/black.png",
         "chars":[
            ""
         ],
         "height":-8,
         "ascent":-5000,
         "type":"bitmap"
      },
      {
         "file":"char/black.png",
         "chars":[
            ""
         ],
         "height":-9,
         "ascent":-5000,
         "type":"bitmap"
      },
      {
         "file":"char/black.png",
         "chars":[
            ""
         ],
         "height":-10,
         "ascent":-5000,
         "type":"bitmap"
      },
      {
         "file":"char/black.png",
         "chars":[
            ""
         ],
         "height":-18,
         "ascent":-5000,
         "type":"bitmap"
      },
      {
         "file":"char/black.png",
         "chars":[
            ""
         ],
         "height":-34,
         "ascent":-5000,
         "type":"bitmap"
      },
      {
         "file":"char/black.png",
         "chars":[
            ""
         ],
         "height":-66,
         "ascent":-5000,
         "type":"bitmap"
      },
      {
         "file":"char/black.png",
         "chars":[
            ""
         ],
         "height":-130,
         "ascent":-5000,
         "type":"bitmap"
      },
      {
         "file":"char/black.png",
         "chars":[
            ""
         ],
         "height":-259,
         "ascent":-5000,
         "type":"bitmap"
      },
      {
         "file":"char/black.png",
         "chars":[
            ""
         ],
         "height":-515,
         "ascent":-5000,
         "type":"bitmap"
      },
      {
         "file":"char/black.png",
         "chars":[
            ""
         ],
         "height":-1027,
         "ascent":-5000,
         "type":"bitmap"
      },
      {
         "type":"bitmap",
         "file":"pack:icons/green_small.png",
         "ascent":7,
         "height":7,
         "chars":[
            ""
         ]
      },
      {
         "type":"bitmap",
         "file":"pack:icons/red_small.png",
         "ascent":7,
         "height":7,
         "chars":[
            ""
         ]
      },
      {
         "type":"bitmap",
         "file":"pack:icons/orange_small.png",
         "ascent":7,
         "height":7,
         "chars":[
            ""
         ]
      },
      {
         "type":"bitmap",
         "file":"pack:icons/admin.png",
         "ascent":8,
         "height":9,
         "chars":[
            ""
         ]
      },
      {
         "type":"bitmap",
         "file":"pack:icons/coin.png",
         "ascent":8,
         "height":9,
         "chars":[
            ""
         ]
      },
      {
         "type":"bitmap",
         "file":"pack:icons/exp.png",
         "ascent":8,
         "height":9,
         "chars":[
            ""
         ]
      },
      {
         "type":"bitmap",
         "file":"pack:icons/live.png",
         "ascent":8,
         "height":9,
         "chars":[
            ""
         ]
      },
      {
         "type":"bitmap",
         "file":"pack:icons/guide.png",
         "ascent":8,
         "height":9,
         "chars":[
            ""
         ]
      },
      {
         "type":"bitmap",
         "file":"pack:icons/mod.png",
         "ascent":8,
         "height":9,
         "chars":[
            ""
         ]
      },
      {
         "type":"bitmap",
         "file":"pack:icons/streamer.png",
         "ascent":8,
         "height":9,
         "chars":[
            ""
         ]
      },
      {
         "type":"bitmap",
         "file":"pack:icons/chat.png",
         "ascent":8,
         "height":9,
         "chars":[
            ""
         ]
      },
      {
         "type":"bitmap",
         "file":"pack:icons/pointer_icon.png",
         "ascent":7,
         "height":7,
         "chars":[
            ""
         ]
      },
      {
         "type":"bitmap",
         "file":"pack:guis/enchant_table.png",
         "ascent":14,
         "height":256,
         "chars":[
            ""
         ]
      },
      {
         "type":"bitmap",
         "file":"pack:guis/enchanting.png",
         "ascent":14,
         "height":256,
         "chars":[
            ""
         ]
      },
      {
         "type":"bitmap",
         "file":"pack:guis/shop.png",
         "ascent":14,
         "height":256,
         "chars":[
            ""
         ]
      },
      {
         "type":"bitmap",
         "file":"pack:guis/deposit.png",
         "ascent":14,
         "height":256,
         "chars":[
            ""
         ]
      },
      {
         "type":"bitmap",
         "file":"pack:guis/crates.png",
         "ascent":14,
         "height":256,
         "chars":[
            ""
         ]
      },
      {
         "type":"bitmap",
         "file":"pack:guis/crate_preview.png",
         "ascent":14,
         "height":256,
         "chars":[
            ""
         ]
      },
      {
         "type":"bitmap",
         "file":"pack:guis/auction.png",
         "ascent":14,
         "height":256,
         "chars":[
            ""
         ]
      },
      {
         "type":"bitmap",
         "file":"pack:guis/confirmation.png",
         "ascent":13,
         "height":256,
         "chars":[
            ""
         ]
      },
      {
         "type":"bitmap",
         "file":"pack:guis/confirmation_item.png",
         "ascent":13,
         "height":256,
         "chars":[
            ""
         ]
      },
      {
         "type":"bitmap",
         "file":"pack:guis/navigator.png",
         "ascent":13,
         "height":256,
         "chars":[
            ""
         ]
      },
      {
         "type":"bitmap",
         "file":"space:font/space_split.png",
         "ascent":-65536,
         "height":-32770,
         "chars":[
            ""
         ]
      },
      {
         "type":"bitmap",
         "file":"space:font/space_split.png",
         "ascent":-32768,
         "height":0,
         "chars":[
            ""
         ]
      },
      {
         "type":"bitmap",
         "file":"space:font/space_split.png",
         "ascent":-65536,
         "height":32767,
         "chars":[
            ""
         ]
      },
      {
         "type":"bitmap",
         "file":"space:font/space_nosplit.png",
         "ascent":-32768,
         "height":-3,
         "chars":[
            ""
         ]
      },
      {
         "type":"bitmap",
         "file":"space:font/space_nosplit.png",
         "ascent":-32768,
         "height":-4,
         "chars":[
            ""
         ]
      },
      {
         "type":"bitmap",
         "file":"space:font/space_nosplit.png",
         "ascent":-32768,
         "height":-5,
         "chars":[
            ""
         ]
      },
      {
         "type":"bitmap",
         "file":"space:font/space_nosplit.png",
         "ascent":-32768,
         "height":-6,
         "chars":[
            ""
         ]
      },
      {
         "type":"bitmap",
         "file":"space:font/space_nosplit.png",
         "ascent":-32768,
         "height":-7,
         "chars":[
            ""
         ]
      },
      {
         "type":"bitmap",
         "file":"space:font/space_nosplit.png",
         "ascent":-32768,
         "height":-8,
         "chars":[
            ""
         ]
      },
      {
         "type":"bitmap",
         "file":"space:font/space_nosplit.png",
         "ascent":-32768,
         "height":-9,
         "chars":[
            ""
         ]
      },
      {
         "type":"bitmap",
         "file":"space:font/space_nosplit.png",
         "ascent":-32768,
         "height":-10,
         "chars":[
            ""
         ]
      },
      {
         "type":"bitmap",
         "file":"space:font/space_nosplit.png",
         "ascent":-32768,
         "height":-18,
         "chars":[
            ""
         ]
      },
      {
         "type":"bitmap",
         "file":"space:font/space_nosplit.png",
         "ascent":-32768,
         "height":-34,
         "chars":[
            ""
         ]
      },
      {
         "type":"bitmap",
         "file":"space:font/space_nosplit.png",
         "ascent":-32768,
         "height":-66,
         "chars":[
            ""
         ]
      },
      {
         "type":"bitmap",
         "file":"space:font/space_nosplit.png",
         "ascent":-32768,
         "height":-130,
         "chars":[
            ""
         ]
      },
      {
         "type":"bitmap",
         "file":"space:font/space_nosplit.png",
         "ascent":-32768,
         "height":-258,
         "chars":[
            ""
         ]
      },
      {
         "type":"bitmap",
         "file":"space:font/space_nosplit.png",
         "ascent":-32768,
         "height":-514,
         "chars":[
            ""
         ]
      },
      {
         "type":"bitmap",
         "file":"space:font/space_nosplit.png",
         "ascent":-32768,
         "height":-1026,
         "chars":[
            ""
         ]
      },
      {
         "type":"bitmap",
         "file":"space:font/space_nosplit.png",
         "ascent":-65536,
         "height":-32770,
         "chars":[
            ""
         ]
      },
      {
         "type":"bitmap",
         "file":"space:font/space_nosplit.png",
         "ascent":-32768,
         "height":0,
         "chars":[
            ""
         ]
      },
      {
         "type":"bitmap",
         "file":"space:font/space_nosplit.png",
         "ascent":-32768,
         "height":1,
         "chars":[
            ""
         ]
      },
      {
         "type":"bitmap",
         "file":"space:font/space_nosplit.png",
         "ascent":-32768,
         "height":2,
         "chars":[
            ""
         ]
      },
      {
         "type":"bitmap",
         "file":"space:font/space_nosplit.png",
         "ascent":-32768,
         "height":3,
         "chars":[
            ""
         ]
      },
      {
         "type":"bitmap",
         "file":"space:font/space_nosplit.png",
         "ascent":-32768,
         "height":4,
         "chars":[
            ""
         ]
      },
      {
         "type":"bitmap",
         "file":"space:font/space_nosplit.png",
         "ascent":-32768,
         "height":5,
         "chars":[
            ""
         ]
      },
      {
         "type":"bitmap",
         "file":"space:font/space_nosplit.png",
         "ascent":-32768,
         "height":6,
         "chars":[
            ""
         ]
      },
      {
         "type":"bitmap",
         "file":"space:font/space_nosplit.png",
         "ascent":-32768,
         "height":7,
         "chars":[
            ""
         ]
      },
      {
         "type":"bitmap",
         "file":"space:font/space_nosplit.png",
         "ascent":-32768,
         "height":15,
         "chars":[
            ""
         ]
      },
      {
         "type":"bitmap",
         "file":"space:font/space_nosplit.png",
         "ascent":-32768,
         "height":31,
         "chars":[
            ""
         ]
      },
      {
         "type":"bitmap",
         "file":"space:font/space_nosplit.png",
         "ascent":-32768,
         "height":63,
         "chars":[
            ""
         ]
      },
      {
         "type":"bitmap",
         "file":"space:font/space_nosplit.png",
         "ascent":-32768,
         "height":127,
         "chars":[
            ""
         ]
      },
      {
         "type":"bitmap",
         "file":"space:font/space_nosplit.png",
         "ascent":-32768,
         "height":255,
         "chars":[
            ""
         ]
      },
      {
         "type":"bitmap",
         "file":"space:font/space_nosplit.png",
         "ascent":-32768,
         "height":511,
         "chars":[
            ""
         ]
      },
      {
         "type":"bitmap",
         "file":"space:font/space_nosplit.png",
         "ascent":-32768,
         "height":1023,
         "chars":[
            ""
         ]
      },
      {
         "type":"bitmap",
         "file":"space:font/space_nosplit.png",
         "ascent":-65536,
         "height":32767,
         "chars":[
            ""
         ]
      }
   ]
}