{
   "parent":"minecraft:item/generated",
   "textures":{
      "layer0":"minecraft:item/paper"
   },
   "overrides":[
      {
         "predicate":{
            "custom_model_data":10000
         },
         "model":"pack:item/icons/empty"
      },
      {
         "predicate":{
            "custom_model_data":10500
         },
         "model":"pack:item/icons/locked_enchant_placement_slot"
      },
      {
         "predicate":{
            "custom_model_data":13000
         },
         "model":"pack:item/icons/coin"
      },
      {
         "predicate":{
            "custom_model_data":13010
         },
         "model":"pack:item/tools/claiming_tool"
      },
      {
         "predicate":{
            "custom_model_data":14000
         },
         "model":"pack:item/dragon/crate"
      },
      {
         "predicate":{
            "custom_model_data":20100
         },
         "model":"pack:item/dragon/cards/sword_card"
      },
      {
         "predicate":{
            "custom_model_data":20101
         },
         "model":"pack:item/dragon/cards/pickaxe_card"
      },
      {
         "predicate":{
            "custom_model_data":20102
         },
         "model":"pack:item/dragon/cards/axe_card"
      },
      {
         "predicate":{
            "custom_model_data":20103
         },
         "model":"pack:item/dragon/cards/shovel_card"
      },
      {
         "predicate":{
            "custom_model_data":20104
         },
         "model":"pack:item/dragon/cards/hoe_card"
      },
      {
         "predicate":{
            "custom_model_data":20105
         },
         "model":"pack:item/dragon/cards/mace_card"
      },
      {
         "predicate":{
            "custom_model_data":20106
         },
         "model":"pack:item/dragon/cards/helmet_card"
      },
      {
         "predicate":{
            "custom_model_data":20107
         },
         "model":"pack:item/dragon/cards/chestplate_card"
      },
      {
         "predicate":{
            "custom_model_data":20108
         },
         "model":"pack:item/dragon/cards/leggings_card"
      },
      {
         "predicate":{
            "custom_model_data":20109
         },
         "model":"pack:item/dragon/cards/boots_card"
      },
      {
         "predicate":{
            "custom_model_data":25000
         },
         "model":"pack:item/abilities/endhale"
      },
      {
         "predicate":{
            "custom_model_data":25001
         },
         "model":"item/paper"
      }
   ]
}