{"providers":[{"type":"space","advances":{" ":4}},{"type":"bitmap","file":"betterhud:text_font2_1.png","ascent":-8417220,"height":8,"chars":["!',.:;i|¡¦·ǀǃʻˌ˙",";·і׃ויןᛁᛌᛧ᛬ᴉ⁏ⁱ⏽⸵","⹁יִ𐌱𐌳𐌵𐌷𐌹𐌻𐌽𐌿𐍁𐍃𐍅𐍇𐍉🌊"]},{"type":"bitmap","file":"betterhud:text_font2_2.png","ascent":-8417220,"height":8,"chars":["🌧"]},{"type":"bitmap","file":"betterhud:text_font2_3.png","ascent":-8417220,"height":8,"chars":["¸ʰʱʲʳʵʹʺʼʽ˂˃˄ˇˈˊ","ˋːˑ˓˔˕˛˧˨˩ˬ̛̅̿̕̚","͜ͱʹ͵ͺ΄ϳ҇ӏԁ։ֳ׀؛أإ","آِٔٚ٠١٦٬٭ٰ۰۱߁ߊߟ","ߠ߲߭ߴߵ߹ᐟᐡᐦᐧᑊᒃᒡᒣᒥᒧ","ᒨᒪᒫᔇᔾᖮᴭᴰᴴᴶᴷᵑᵗᵝᵣᵤ","ᵸᶠᶡᶤᶥᶦᶧᶨᶩᶪᶴᶵ᾽ι᾿`","´῾‛․‧‸⁁⁚⁝⁞ₒₕₖₙₛ⃜","ℐ⅂⅃ⅎⅠⅬⅰⅱⅼ↦↪↾⇂⇃⇧⇩","⇰⇳⇸⇽⇾∣∶∸∺⊺⋅⋮⌇⌑⌙⌷","⌹⍐⍗⍠⍪⍮⍳⍸⎜⎟⎢⎣⎥⎦⎩⎪","⎭⎮▏▕◝◟◻❜❲❳➙➛➝➞⟼⠁","⠂⠃⠄⠅⠆⠇⠈⠐⠘⠠⠨⠰⠸⡀⡁⡂","⡃⡄⡅⡆⡇⢀⢈⢐⢘⢠⢨⢰⢸⤉⤌⤎","⤓⥏⥑⥒⥖⥙⥛⥜⥞⥟⥠⥡⥼⥽⦇⦈","⦗⧺Ⱡⱡⱶⴾⵂⵊⵎⵏⵑⵗⵘꓡꓲꓶ"]},{"type":"bitmap","file":"betterhud:text_font2_4.png","ascent":-8417220,"height":8,"chars":["ꓸꓹꓼꓽꙆꙇ꜊꜋꜌꜏꜐꜑꜔꜕꜖ꜝ","ꜞꜟꝈꝉ꞉ꞌꟸꟾ","יּﭔﭕﭘﭙﭜﭝﭠﭡﭤﭥﯦﯧﯨﯩ","ﯾﯿﹰﹱﹳﹶﹷﺃﺄﺇﺈﺋﺌﺍﺎﺑ","ﺒﺗﺘﺛﺜﻟﻠﻧﻨﻳﻴ𐌆𐌉𐌠𝐈𝐓","𝑖𝖨𝖫𝗂𝗃𝗅𝙻𝚪𝚰𝚻𞸀𞸡𞸩𞸫𞸭𞸵"]},{"type":"bitmap","file":"betterhud:text_font2_5.png","ascent":-8417220,"height":8,"chars":["𞸶"]},{"type":"bitmap","file":"betterhud:text_font2_6.png","ascent":-8417217,"height":12,"chars":["ıị"]},{"type":"bitmap","file":"betterhud:text_font2_7.png","ascent":-8417220,"height":8,"chars":["`l´ɭιՙ՚՛՝լ׳᛫ᛵ‘’‚"]},{"type":"bitmap","file":"betterhud:text_font2_8.png","ascent":-8417220,"height":8,"chars":["•′‵⁽⁾₍₎∙│ꞁꞩוֹ"]},{"type":"bitmap","file":"betterhud:text_font2_9.png","ascent":-8417220,"height":8,"chars":["ʶʸ˖˗ˠˢͿֵַؕ؟ءرزًٌ","َ٫ڑڒڔڕږڗژڙ۶ߌߔߖߗເ","ໄᐠᐢᐣᐤᑐᑕᑪᒄᒩᒭᒳᒵᒻᒽᓗ","ᓘᓚᓣᓥᔅᔆᕐᕻ᙮ᴌᴹᴺᴾᵃᵄᵅ","ᵇᵈᵉᵊᵋᵌᵍᵏᵒᵓᵔᵕᵖᵘᵛᵜ","ᵞᵟᵡᵥᵦᵧᵨᵪᵻᵼᶛᶜᶝᶞᶟᶢ","ᶣᶯᶰᶱᶲᶳᶷᶸᶹᶺᶻᶼᶽᶾᶿ‣","⁅⁆ₐₑₓₚℓ℩ℾℿⅈⅉ↛↠↡↣","↧↬↴↼↽↿⇓⇚⇠⇣⇤⇪⇹⇻∎∕","∤∦≀⊸⋄⋣⋥⌄⌈⌉⌊⌋⌔⌵⌻⍎","⍛⍣⍤⍨⎝⎠⎷┃┇┋┍┕┝╏╭╮","╰╶╹╺╻╽╿▎◌◞◮☝☾♈♗♝","⚚⚸✌❙❚❛❪❫➔➢➣➩➸⟅⟆⟜","⟨⟩⟵⟷⟻⤍⤏⤑⤒⤙⤚⤸⤹⥉⥊⥌","⥍⥎⥓⥗⥘⦘⬄⬆⬇⬍⬎⬏ⴶ⸢⸣⸤","⸥꓾ꜜꜢꜣꜤꝆꝇ꞊"]},{"type":"bitmap","file":"betterhud:text_font2_10.png","ascent":-8417220,"height":8,"chars":["גּזּנּﭨﭩﮊﮋﮌﮍ","ﮐﮔﮘﮜﮢﮣﯕﹲﹸﹹﹾﹿﺀﺭﺮﺯ","ﺰﻛ𐌔𐌕𐌝𝐢𝐣𝐥𝐼𝐽𝐿𝑇𝑗𝑙𝕀𝕁","𝕃𝕚𝕛𝕝𝕣𝕤𝖩𝖿𝗍𝗶𝗹𝙹𝚒𝚓𝚕𝚤"]},{"type":"bitmap","file":"betterhud:text_font2_11.png","ascent":-8417220,"height":8,"chars":["𝚥𝝞𝝸𝟙𞸆𞸓𞸪"]},{"type":"bitmap","file":"betterhud:text_font2_12.png","ascent":-8417217,"height":12,"chars":["ìíįĺļɩ̧ίᶅᶖḷἰἱί"]},{"type":"bitmap","file":"betterhud:text_font2_13.png","ascent":-8417220,"height":8,"chars":["\"()*I[]t{}¨­¹ſƚǁ","ȴɨɪʇʈΙІӀ՜՞׆זנװױײ","჻ჼᚨᚭᚮᚲᚽᚿᛂᛆᛊᛍᛐᛓᛙᛚ","‐‑‹›‼⁎⁑⁒⁺⁻⁼₁₊₋₌₥"]},{"type":"bitmap","file":"betterhud:text_font2_14.png","ascent":-8417220,"height":8,"chars":["∥⋆⏴⏵⏸◘◦♀♩♭♮ײַוּ🛡"]},{"type":"bitmap","file":"betterhud:text_font2_15.png","ascent":-8417220,"height":8,"chars":["ʷ˅ˆˍ˘˚˜˝˞˟ˣ˥˦˭ˮ˰","˳˷͝͡ͻͼͽ΅ϜϝϪϲϵѯҁ҂","҉؉؊آؤةدذعغهوُّْٗ","٢٤٥٨٩٪ڈډڊڋڌڍڎڏڐړ","ڠۆۇۈۋە۲۴۵۸۹ߓߙߞߣߤ","ߥ߬߮߯߰߱߳ງາຳໃ໙ᐞᐥᑉᑑ","ᑖᑞᑦᑩᒢᒤᒦᒮᒶᒸᒺᒼᓑᓙᓛᕁ","ᕝᕪᕽᙆᙇᴈᴐᴕᴣᴤᴦᴨᴩᴫᴬᴯ","ᴳᴻᴼᴽᴿᵁᵐᵙᵠᵩᶬᶮᶶ῀῁῍","῎῏῝῞῟῭΅‟⁃⁄⁌⁍⁖⁙⁛ℇ","ℴℷℽⅡⅽↄ↕↟↥↨⇑⇕⇝⇞⇟⇡","⇥∖∗∠∪∲≬⊉⊊⊋⊌⊍⊎⊦⊧⊰","⊾⋏⌃⌍⌏⌜⌝⌞⌟⌿⍀⍰⍱⍲⎀⎈","⎉⎊⎋⎛⎞⎡⎤⎧⎨⎫⎬┈┉┎┏┑","┖┗┙┞┟┠┡┢┣┥╯╴╸▍▗▝","▮▯▴▵▸▹▾▿◂◃◊◖◗◜◬◿"]},{"type":"bitmap","file":"betterhud:text_font2_16.png","ascent":-8417220,"height":8,"chars":["☇☓☟☤☨⚕⚬⚴⚵⚷✁✟✧✭❝❞","❡❬❭❴❵➧➼⟠⟦⟧⟪⟫⠉⠊⠋⠌","⠍⠎⠏⠑⠒⠓⠔⠕⠖⠗⠙⠚⠛⠜⠝⠞","⠟⠡⠢⠣⠤⠥⠦⠧⠩⠪⠫⠬⠭⠮⠯⠱","⠲⠳⠴⠵⠶⠷⠹⠺⠻⠼⠽⠾⠿⡈⡉⡊","⡋⡌⡍⡎⡏⡐⡑⡒⡓⡔⡕⡖⡗⡘⡙⡚","⡛⡜⡝⡞⡟⡠⡡⡢⡣⡤⡥⡦⡧⡨⡩⡪","⡫⡬⡭⡮⡯⡰⡱⡲⡳⡴⡵⡶⡷⡸⡹⡺","⡻⡼⡽⡾⡿⢁⢂⢃⢄⢅⢆⢇⢉⢊⢋⢌","⢍⢎⢏⢑⢒⢓⢔⢕⢖⢗⢙⢚⢛⢜⢝⢞","⢟⢡⢢⢣⢤⢥⢦⢧⢩⢪⢫⢬⢭⢮⢯⢱","⢲⢳⢴⢵⢶⢷⢹⢺⢻⢼⢽⢾⢿⣀⣁⣂","⣃⣄⣅⣆⣇⣈⣉⣊⣋⣌⣍⣎⣏⣐⣑⣒","⣓⣔⣕⣖⣗⣘⣙⣚⣛⣜⣝⣞⣟⣠⣡⣢","⣣⣤⣥⣦⣧⣨⣩⣪⣫⣬⣭⣮⣯⣰⣱⣲","⣳⣴⣵⣶⣷⣸⣹⣺⣻⣼⣽⣾⣿⤀⤈⤛"]},{"type":"bitmap","file":"betterhud:text_font2_17.png","ascent":-8417220,"height":8,"chars":["⤜⤝⤴⤵⥣⥯⦃⧫⨍⨎⨏⨐⨑⨒⨓⨕","⨖⨘⨙⨚⨛⨜⬐⬑ⱹⱻⱽⴼⵉⵢⵤꓝ","ꓞꙅ꜈꜉꜍꜎꜒꜓ꜥꜪꜫꜭꝻꝼꞄꞅ","ꞎꞧꟻ","ךּלּצּרּכֿﭬﭭ","ﭰﭱﮂﮃﮄﮅﮆﮇﮈﮉﮑﮕﮙﮝﮬﮭ","ﯖﯗﯘﯙﯚﯛﯜﯞﯟ︡ﹼﹽﺁﺂﺅﺆ","ﺓﺔﺩﺪﺫﺬﻉﻊﻋﻌﻍﻎﻏﻐﻓﻔ","ﻗﻘﻜﻣﻤﻩﻪﻫﻬﻭﻮﻵﻹﻻ𐌂𐌄","𐌅𐌋𐌚𐌛𐌜𝐄𝐅𝐉𝐟𝐭𝑉𝑌𝑓𝑠𝑡𝕒","𝕔𝕗𝕜𝕡𝕥𝖥𝖼𝗋𝗌𝗓𝗜𝗝𝗳𝗷𝗿𝘁","𝚛𝚬𝛊𝛌𝛛𝝴𝟊𝟋𝟏𝟛𝟟𝟣𝟥𝟩𝟷𝟹"]},{"type":"bitmap","file":"betterhud:text_font2_18.png","ascent":-8417220,"height":8,"chars":["𝟽𞸃𞸅𞸏𞸘𞸛𞸤𞸬𞸯𞸰𞸲𞸻"]},{"type":"bitmap","file":"betterhud:text_font2_19.png","ascent":-8417217,"height":12,"chars":["ÌÍÎÏîïĪīĮİľŀţŧƖƗ","ƫƭǏǐțΪϊЇїḮḯḹḻḽṫṭ"]},{"type":"bitmap","file":"betterhud:text_font2_20.png","ascent":-8417217,"height":12,"chars":["ṯṱẗẛỈỉỊὶῑῒΐῙ"]},{"type":"bitmap","file":"betterhud:text_font2_21.png","ascent":-8417220,"height":8,"chars":["<>fkª°²³ºĳĸȶɟɬʞκ","гкԼՒէւג״ჯᚠᚦᚧᚩᚪᚫᚱ","ᚳᚴᚹᛈᛑᛒᛔᛕᛛᛩᛴẜẝỽ“”","„″‶⁊⁰⁴⁵⁶⁷⁸⁹ⁿ₀₂₃₄","₅₆₇₈₉∁⌠⌡▌▐●ꝛꞨכּ𐌰𐌲"]},{"type":"bitmap","file":"betterhud:text_font2_22.png","ascent":-8417220,"height":8,"chars":["𐌴𐌶𐌸𐌺𐌼𐌾𐍀𐍂𐍄𐍆𐍈𐍊🔥🪓"]},{"type":"bitmap","file":"betterhud:text_font2_23.png","ascent":-8417220,"height":8,"chars":["͟͢͞ͰͳͷϐϑϒϕϗϙϚϞϟϡ","ϥϧϩϫϭϮϯϰϱ϶ϷϸϻϼѫѮ","҈؆؇م٣٧۳۷߀߂߃߄߅߆߇߉","ߋߍߎߏߐߕߛߜߡߢߦߧ฿ກຄຈ","ຍດຕຖທນບປຢຣລວອະຽແ","ໂໆ໐໑໒໔໕໗ᑒᑔᑠᑡᑥᑫᑬᑭ","ᑮᑯᑰᑱᑲᑳᒆᒈᒉᒊᒋᒌᒍᒎᒏᒐ","ᒑᒰᓄᓅᓆᓇᓈᓏᓐᓒᓦᓨᓪᓭᓯᓰ","ᓱᓲᓳᓴᓵᔙᔛᔥᔦᔧᔨᔩᔪᔫᔭᔮ","ᕄᕅᕆᕇᕈᕉᕊᕋᕌᕍᖦᖨᖩᖪᖫᖬ","ᖭᖯ ᚛᚜ᴃᴆᴎᴖᴗᴙᴟᴥᴧᴪᵂ","ᵆᵚᵽᵾᶭ‒‥⁕⁘ₘℂ℄ℌℎℏℒ","ℜ℟℠℥ℨKℯℰℱℸⅇⅢⅩⅲⅴⅵ","ⅹⅺⅾ↖↗↘↙↚↞↭↮↯↰↱↲↳","↸⇖⇙⇫⇬⇭⇮⇯⇱⇷⇼∆∊∍∟∡","∱∳∷∻∼∽∿≁≍≭≮≺⊀⊁⊈⊱"]},{"type":"bitmap","file":"betterhud:text_font2_24.png","ascent":-8417220,"height":8,"chars":["⊲⊿⋇⋎⋔⋖⋢⋤⋪⋴⋷⋼⋾⌁⌅⌆","⌌⌎⌒⌓⌕⌶⌸⌺⌼⌽⌾⍁⍂⍃⍄⍅","⍆⍇⍈⍉⍋⍌⍍⍏⍑⍒⍓⍔⍕⍖⍙⍚","⍜⍝⍡⍢⍥⍦⍧⍩⍫⍬⍭⍯⍴⍶⍷⍹","⍺⎁⎂⎃⎇⏨␣┄┅┒┓┚┛┦┧┨","┩┪┫╌╍╱▋▖▘▪▫▻☌☕☦☧","☬☿♃♄♇♉♊♌♓♕♖♘♙♛♜♞","♟♿⚘⚜⚟⚦⚧⚨⚪⚫⚭⚱⚳✍✐✓","✕✖✗✝✞✦✫✮✯✰✶❍❢❥❨❩","❮❯❰❱➘➚➤➪➮➲➴➶➻➾⤊⤋","⤞⤡⤢⤣⤤⤥⤦⤧⤨⤩⤪⤫⤬⤭⤮⤯","⤰⤱⤲⤶⤷⤾⤿⥥⥮⥾⥿⦄⧻⨔⨗⨯","⩪⩫⬁⬃⬉⬋ⱣⱤⱪⱫⱬⱴⱵⱷⱺⴰ","ⴳⴴⴵⴹⴺⴻⴽⴿⵃⵅⵇⵈⵓⵝⵟ⸟","ꓐꓑꓒꓗꓘꓙꓜꓢꓣꓤꓩꓫꓬꓭꓰꓱ","ꓺꓻ꓿ꙄꙕꙤꙩꜬꜮꜯꝀꝁꝋꝐꝤꝦ"]},{"type":"bitmap","file":"betterhud:text_font2_25.png","ascent":-8417220,"height":8,"chars":["ꝨꝩꞃꞇꞍꞑꞣꞦꟹꟼ","","ﬠאּדּהּטּמּסּףּ","ﭏﭴﭵﭸﭹﭼﭽﮀﮁﮫﺟﺠﺣﺤﺧﺨ","ﻡﻢﻶﻷﻺﻼ𐌁𐌃𐌇𐌊𐌐𐌒𐌓𐌖𐌗𐌘","𐌢𝐋𝐏𝐑𝐚𝐜𝐝𝐞𝐫𝐬𝐮𝐱𝐳𝐴𝐸𝐹","𝑋𝑎𝑏𝑐𝑑𝑒𝑔𝑘𝑛𝑜𝑝𝑞𝑟𝑢𝑣𝑥","𝑧𝔽𝕊𝕌𝕐𝕖𝕘𝕠𝕢𝕧𝕩𝕪𝕫𝖡𝖤𝖪","𝖯𝖱𝖲𝖷𝖸𝖹𝖺𝖻𝖽𝖾𝗀𝗁𝗄𝗇𝗈𝗉","𝗊𝗎𝗏𝗑𝗒𝗘𝗙𝗟𝗮𝗰𝗸𝘀𝘃𝘅𝘆𝘇","𝙰𝙱𝙲𝙳𝙴𝙵𝙶𝙷𝙺𝙼𝙽𝙾𝙿𝚀𝚁𝚂","𝚄𝚅𝚆𝚇𝚈𝚉𝚊𝚋𝚌𝚍𝚎𝚏𝚐𝚑𝚔𝚖","𝚗𝚘𝚙𝚚𝚜𝚝𝚞𝚟𝚠𝚡𝚢𝚣𝚸𝚺𝛃𝛆","𝛇𝛍𝛏𝛒𝛓𝛕𝛜𝛞𝛠𝝘𝝚𝝣𝝨𝝰𝝵𝝹","𝝺𝝽𝞁𝞃𝞆𝞉𝞊𝞋𝟐𝟓𝟕𝟘𝟚𝟜𝟝𝟞","𝟠𝟡𝟢𝟤𝟦𝟧𝟨𝟪𝟫𝟮𝟯𝟳𝟶𝟸𝟺𝟻"]},{"type":"bitmap","file":"betterhud:text_font2_26.png","ascent":-8417220,"height":8,"chars":["𝟼𝟾𝟿𞸌𞸢𞸧𞸷𞹡𞹩𞹭𞹵𞹶𞹼"]},{"type":"bitmap","file":"betterhud:text_font2_27.png","ascent":-8417217,"height":12,"chars":["ĨĩĬĭķłťƙǩȊȋѓќҕӄӷ"]},{"type":"bitmap","file":"betterhud:text_font2_28.png","ascent":-8417217,"height":12,"chars":["ᚡᚵᶂḟḬḭḱḳḵἶἷῐῖῗῘ"]},{"type":"bitmap","file":"betterhud:text_font2_29.png","ascent":-8417220,"height":8,"chars":["#$%&+-/012345678","9=?ABCDEFGHJKLMN","OPQRSTUVWXYZ\\^_a","bcdeghjmnopqrsuv","wxyz¢£¥§¬¯±µ¿×ØÞ","ßð÷øþĲƆƎƏƐƒƛƞƟƧƨ","ƩƪƲƷƸƹƻƼƽƾƿǂǝǷȜȝ","ȠȤȥȺȻȼȾɁɂɅɆɐɑɒɓɔ","ɕɘəɛɜɞɡɢɤɥɦɧɫɮɯɰ","ɱɴɵɸɹɺɼɾɿʀʁʅʊʋʌʍ","ʎʏʑʒʓʔʕʖʗʘʙʚʜʝʟʡ","ʢʬΑΒΓΔΕΖΗΘΚΛΜΝΞΟ","ΠΡΣΤΥΦΧΨΩαβγδεζη","θλμνξοπρςτυφχψϛЄ","ЅЈАБВГЕЗИКЛМНОПР","СТУХЧЬЭЯабвежзил"]},{"type":"bitmap","file":"betterhud:text_font2_30.png","ascent":-8417220,"height":8,"chars":["мнопрстуфхцчшьэя","єѕјѲѳғқҮүҰұҺһӘәӨ","өԀԱԲԵԶԷԸԻԾԿՀՁՃՅՆ","ՇՈՉՊՋՍՎՏՐՑՓՔՕՖ՟ՠ","աբեըթիծկհձճյշոչպ","ջռսրցօֆ֊֏־אבדהחט","ךכלםמסעףפץצקרשת߈","ႠႣႤႨႩႬႱႲႴႵႶႷႸႹႺႼ","ႽႾႿჁჂჃჄჇჍაბგდევზ","თიკმნოპჟრსტუფქღყ","შჩცძწჭხჰჲჳჴჵჶჷჸჹ","ჺჽჾჿᗡᗺᘔᚢᚣᚤᚥᚬᚯᚰᚶᚷ","ᚸᚺᚻᚼᚾᛀᛄᛅᛇᛉᛋᛎᛏᛖᛗᛘ","ᛜᛝᛞᛟᛡᛣᛤᛥᛦᛨ᛭ᛮᛯᛰᛱᛲ","ᛶᛷᛸᴀᴄᴅᴇᴊᴋᴍᴏᴘᴚᴛᴜᴠ","ᴡᴢᵷẞẟỼỾ†‡‽₡₮₰₲₵₶"]},{"type":"bitmap","file":"betterhud:text_font2_31.png","ascent":-8417220,"height":8,"chars":["₸₹₼₿Ⅎ⅁⅄⅋⅐⅑⅕⅖⅗⅙⅚⅟","↉↑↓∂∃∄∈∉∋∌∑−∓∧∨∩","∫∮∴∵≠≤≥⊂⊃⊄⊅⊆⊇⊢⊤⊥","⊨⊻⊼⊽⋃⏏⏶⏷⏹⏺┌┐└┘├┤","║╒╕╘╛╞╡■□▲△▼▽◆◇○","☰☱☲☳☴☵☶☷☹☺♂♠♡♢♣♤","♥♦♧♪♯⚗⚡⚥❣⟘⥝ⱦⱯⴀⴃⴄ","ⴅⴇⴈⴉⴊⴋⴌⴍⴐⴑⴒⴓⴔⴕⴖⴗ","ⴘⴙⴚⴛⴜⴞⴟⴠⴡⴢⴣⴤⴥ⸘⸮⸸","⹋〒ㄥꜦꜧꜰꜱꝚꝹꞀꞯꞰﬁﬅשׂבּ"]},{"type":"bitmap","file":"betterhud:text_font2_32.png","ascent":-8417220,"height":8,"chars":["פּתּבֿפֿ＋🎣🏹🔱🗡🧪"]},{"type":"bitmap","file":"betterhud:text_font2_33.png","ascent":-8417220,"height":8,"chars":["ͶϏϘϤϦϨϬϴϹϽϾϿѥѧѪѻ","Ҁئجحخطظقكلنىيٯځڂ","ڃڄڅچڇڟڧڨڬڭڮڵڶڷڸڹ","ںڻڼڽھڿیێېߒߘߝຂຊຜຝ","ພຟມສຮຯ໓໖໘ᐁᐂᐃᐄᐅᐆᐇ","ᐉᐊᐋᐖᐛᐮᐯᐰᐱᐲᐳᐴᐵᐷᐸᐹ","ᑈᑌᑍᑎᑏᑣᑧᑨᑵᑻᑽᒅᒇᒓᒙᒛ","ᒬᒯᒱᒲᒴᒷᒹᓬᓮᓶᓷᓹᓻᓼᓽᓾ","ᓿᔁᔃᔐᔑᔒᔬᔯᔰᔵᔶᔷᔸᕎᕏᕒ","ᕓᕔᕕᕖᕗᕘᕙᕚᕞᕟᕠᕡᕢᕣᕤᕥ","ᕦᕧᕴᕷᕸᕼᖊᖌᖕᖧᗞᚁᚆᚋᚐᚕ","ᴁᴑᴒᴓᴝ‾⁀⁓⁔℈ℑℕ℘ℙℚℛ","ℝ℣ℤΩ℧Åℬℭℵℶℼ⅀ⅆⅤⅭⅮ","ⅸↀↁↃↅ↢↵↻⇅⇈⇊⇎⇗⇘⇺⇿","∇∏∐∔∢∬∯≂≃≄≅≆≇≉≊≋","≌≎≏≐≑≒≓≖≗≘≙≚≛≜≝≞"]},{"type":"bitmap","file":"betterhud:text_font2_34.png","ascent":-8417220,"height":8,"chars":["≟≣≦≧≨≩≯≰≱≲≳≴≵≶≷≸","≹≻≼≽≾≿⊏⊐⊑⊒⊓⊔⊕⊖⊗⊘","⊙⊚⊛⊜⊝⊞⊟⊠⊡⊳⊴⊵⋍⋐⋑⋒","⋓⋕⋗⋚⋛⋜⋝⋞⋟⋠⋡⋦⋧⋨⋩⋫","⋬⋭⌐⍟⏥␢━┭┮┯┰┱┲┳┵┶","┷┸┹┺┻┽┾┿╀╁╂╃╄╅╆╇","╈╉╊╋╲╳╼╾▊▰▱►◢◣◤◭","◸◺◼◽◾☥☭♁♆♐♑♒♰♱♲♽","♾⚛⚞⚲⛢✃✄✆✇✡✩✬✴✷❁❅","❆❦❧➜➟➠➡➥➦➨➭➳➵➷➹➺","➽⟳⟴⤁⤇⤺⤼⤽⥀⥁⥆⥇⥦⥳⧎⩽","⩾⩿⪀⪁⪂⪃⪄⪅⪆⪇⪈⪉⪊⪋⪌⪍","⪎⪏⪐⪑⪒⪓⪔⪕⪖⪗⪘⪙⪚⪛⪜⪝","⪞⪟⪠⪮⪯⪰⪱⪲⪳⪴⪵⪶⪷⪸⪹⪺","⫹⫺⬀⬂⬈⬊⬌⭔ⱨⱩⱰⴷⴸⵄⵌⵍ","ⵐⵒⵖⵛⵜⵞⵠⵡⵣⵥꓓꓖꓚꓛꓠꓥ"]},{"type":"bitmap","file":"betterhud:text_font2_35.png","ascent":-8417220,"height":8,"chars":["ꓦꓧꓨꓮꓯꓳꓴꓵꓷꙢꙣꙥꙨꙫꝑꝒ","ꝓꝖꝗꝥꝧꞂꞆꞐꞡꞢꞤꞥ","ﬢﬤﬥﬧﬨשׁשּׁשּׂקּשּﭲﭳﭶﭷ","ﭺﭻﭾﭿﮞﮟﮠﮡﮪﯓﯔﯤﯼﺉﺝﺞ","ﺡﺢﺥﺦﻁﻂﻃﻄﻅﻆﻇﻈﻕﻖﻙﻚ","ﻝﻞﻥﻦﻯﻱﻸ𐌀𐌙𐌞𐌡𐌣𝐀𝐁𝐂𝐃","𝐇𝐊𝐍𝐒𝐔𝐕𝐗𝐘𝐙𝐛𝐠𝐡𝐤𝐧𝐨𝐩","𝐪𝐯𝐲𝐵𝐶𝐺𝐾𝑃𝑅𝑆𝑍𝑦𝔸𝔹𝔼𝔾","𝕂𝕆𝕍𝕏𝕓𝕕𝕙𝕟𝕦𝖠𝖢𝖣𝖦𝖧𝖭𝖮","𝖰𝖴𝖵𝗔𝗕𝗖𝗚𝗛𝗞𝗡𝗣𝗥𝗦𝗧𝗨𝗩","𝗫𝗬𝗭𝗯𝗱𝗲𝗴𝗵𝗻𝗼𝗽𝗾𝘂𝚨𝚩𝚫","𝚭𝚮𝚱𝚲𝚴𝚵𝚷𝚼𝚾𝛁𝛂𝛄𝛅𝛈𝛉𝛋","𝛎𝛐𝛑𝛔𝛖𝛘𝝖𝝗𝝙𝝛𝝜𝝟𝝠𝝢𝝥𝝦","𝝩𝝪𝝬𝝯𝝱𝝲𝝳𝝶𝝷𝝻𝝼𝝾𝝿𝞀𝞂𝞄","𝞅𝞇𝞌𝞍𝞎𝟎𝟑𝟒𝟔𝟖𝟗𝟬𝟭𝟰𝟱𝟲","𝟴𝟵𞸂𞸇𞸈𞸉𞸊𞸋𞸍𞸒𞸗𞸚𞸝𞸟𞸮𞸱"]},{"type":"bitmap","file":"betterhud:text_font2_36.png","ascent":-8417220,"height":8,"chars":["𞸴𞸹𞹪𞹯𞹰𞹲𞹻𞹾🁢🁣🁤🁥🁦🁧🁨🁩","🁪🁫🁬🁭🁮🁯🁰🁱🁲🁳🁴🁵🁶🁷🁸🁹","🁺🁻🁼🁽🁾🁿🂀🂁🂂🂃🂄🂅🂆🂇🂈🂉"]},{"type":"bitmap","file":"betterhud:text_font2_37.png","ascent":-8417220,"height":8,"chars":["🂊🂋🂌🂍🂎🂏🂐🂑🂒🂓"]},{"type":"bitmap","file":"betterhud:text_font2_38.png","ascent":-8417217,"height":12,"chars":["ÀÁÂÃÄÅÇÈÉÊËÑÒÓÔÕ","ÖÙÚÛÜÝàáâãäåçèéê","ëñòóôõöùúûüýÿĀāĂ","ăĄąĆćĈĉĊċČčĎĒēĔĕ","ĖėĘęĚěĜĝĞğĠġĢģĤĥ","ĴĵĶĹĻĽĿŃńŅņŇňŊŋŌ","ōŎŏŐőŔŕŖŗŘřŚśŜŝŞ","şŠšŢŤŦŨũŪūŬŭŮůŰű","ŲųŴŵŶŷŸŹźŻżŽžƂƃƋ","ƌƍƔƘƜƥƦƮƱƵƶƺǍǎǑǒ","ǓǔǕǖǗǘǙǚǛǜǞǟǠǡǦǧ","ǨǪǫǬǭǮǯǰǴǵǸǹǺǻǾǿ","ȀȁȂȃȄȅȆȇȈȉȌȍȎȏȐȑ","ȒȓȔȕȖȗȘșȚȞȟȢȣȦȧȨ","ȩȪȫȬȭȮȯȰȱȲȳȷȿɀɣɽ","ʂʃʭΊΐΫάέήΰϋόύЀЁЃ"]},{"type":"bitmap","file":"betterhud:text_font2_39.png","ascent":-8417217,"height":12,"chars":["ЌЍЎЏЙйѐёѝўџҎҏҐґҔ","ҘҙҜҝҟҡҪҫҬҭҸҹӂӃӇӈ","ӋӌӐӑӒӓӖӗӚӛӝӞӟӠӡӢ","ӣӤӥӦӧӪӫӬӭӮӯӰӱӲӳӴ","ӵӶӻӼӽӾӿԌԍԐԑԒԓԚԛԜ","ԝԞԟᵮᵵᵶᶀᶄᶈᶉᶊᶋᶌᶔᶘᶚ","ḀḁḂḃḄḅḆḇḈḉḊḋḌḍḎḏ","ḐḑḒḓḔḕḖḗḘḙḚḛḜḝḞḠ","ḡḢḣḤḥḦḧḨḩḪḫḰḲḴḶḸ","ḺḼḾḿṀṁṂṃṄṅṆṇṈṉṊṋ","ṌṍṎṏṐṑṒṓṔṕṖṗṘṙṚṛ","ṜṝṞṟṠṡṢṣṤṥṦṧṨṩṪṬ","ṮṰṲṳṴṵṶṷṸṹṺṻṼṽṾṿ","ẀẁẂẃẄẅẆẇẈẉẊẋẌẍẎẏ","ẐẑẒẓẔẕẖẘẙẚẠạẢảẤấ","ẦầẨẩẪẫẬậẮắẰằẲẳẴẵ"]},{"type":"bitmap","file":"betterhud:text_font2_40.png","ascent":-8417217,"height":12,"chars":["ẶặẸẹẺẻẼẽẾếỀềỂểỄễ","ỆệỌọỎỏỐốỒồỔổỖỗỘộ","ỤụỦủỲỳỴỵỶỷỸỹἀἁἂἃ","ἄἅἆἇἐἑἒἓἔἕἠἡἢἣἤἥ","ἦἧἲἳἴἵὀὁὂὃὄὅὐὑὒὓ","ὔὕὖὗὰάὲέὴήὸόὺύᾀᾁ","ᾂᾃᾄᾅᾆᾇᾐᾑᾒᾓᾔᾕᾖᾗᾰᾱ","ᾲᾳᾴᾶᾷᾸᾹᾼῂῃῄῆῇῌῠῡ","ῢΰῤῥῦῧῨῩῼⱾⱿꚂꚃꚆꚇꚌ","ꚍꚏꚐꚑꚔꚕꜾꜿꝠꝡꞔꟄꭐꭑאַאָ"]},{"type":"bitmap","file":"betterhud:text_font2_41.png","ascent":-8417220,"height":8,"chars":["@~«¶»ƄƅƉƑȽɃɇɈɉɊɋ","ɌɍɖɗɠɲɳɻʄʆʛʠσЊЋД","ЦЪдщъыњѢѣѴѵҒҗҚҢң","ԳԴԹԺԽՂՄՌգդզժխղմն","վքևֈႫႯჱᛃᶑỿ–‴‷⁋₠₢","₣₤₫€₭₺₽₾⇵√∝≈≡≢⏩⏪","⏯⏳╓╔╙╚╟╠▶▷◀◁⚑⛄✂✔","✘❌⯪⯫ⱥⱭⴁⴂⴆⴎⴏⴝꜩﬂ🍖🔔"]},{"type":"bitmap","file":"betterhud:text_font2_42.png","ascent":-8417220,"height":8,"chars":["🪣"]},{"type":"bitmap","file":"betterhud:text_font2_43.png","ascent":-8417220,"height":8,"chars":["ͲϖϠϣϺѡѦѭѰѱѹѿبتثص","ضٮٹٺٻټٽپٿڀڞߚຫᐌᐍᐎ","ᐏᐐᐑᐗᐙᐬᐭᐺᐻᐼᐽᐾᐿᑀᑂᑄ","ᑆᑗᑘᑙᑚᑛᑜᑝᑟᑢᑤᑴᑶᑷᑸᑹ","ᑺᑼᑾᑿᒀᒁᒂᒒᒔᒕᒖᒗᒘᒚᒜᒝ","ᒞᒟᒠᓀᓁᓂᓃᓊᓋᓌᓍᓎᓓᓔᓕᓖ","ᓝᓸᓺᔀᔂᔄᔓᔔᔕᔖᔗᔘᔚᔜᔞᔠ","ᔡᔢᔣᔤᔱᔲᔳᔴᔹᔺᔻᔼᔽᕂᕃᕩ","ᕵᕶᕹᕺᖅᖋᖍᖏᖐᖓᖔᖠᖡᖢᖣᖤ","ᖥᙰᚂᚇᚌᚑᚚᴞᵿ⁜℉ℋℍ℔℞℮","ⅅⅣⅥⅦⅧⅨⅪⅫⅯⅳ↜↝↤↩↫↶","↷↹↺⇆⇇⇉⇋⇌⇍⇐⇜⇦⇲⇶∾⊣","⊩⊪⊫⊬⊭⊮⊯⋀⋁⋂⋳⋵⋶⋸⋹⋻","⋽⋿⌬⍵⎔⏎⏣▉▢▣▤▥▦▧▨▩","▬▭◄◅◈◉◍◐◑◒◓◔◕◠◡◥","◧◨◩◪◫◰◱◲◳◴◵◶◷◹☉☊"]},{"type":"bitmap","file":"betterhud:text_font2_44.png","ascent":-8417220,"height":8,"chars":["☋☏☖☗☘☙☚☛☡☢☣☩☪☫☸☼","♅♋♍♎♏♔♚♨♳♴♵♶♷♸♹♺","♻♼⚆⚇⚈⚉⚌⚍⚎⚏⚒⚖⚙⚩⚮⚯","⚰⚶⛀⛁⛂⛃✈✏✑✒✙✚✛✜✠✢","✣✤✥✪✱✲✳✵✸✹✺✻✼✽✾✿","❀❂❃❇❈❉❊❋❏❐❑❒❖❶❷❸","❹❺❻❼❽❾❿➀➁➂➃➄➅➆➇➈","➉➊➋➌➍➎➏➐➑➒➓➫➬➯➱⟰","⟱⟲⟿⤂⤃⤄⤅⤆⤐⤔⤕⤖⤗⤘⤟⤠","⤳⤻⥂⥃⥄⥅⥈⥚⥢⥤⥧⥨⥩⥪⥫⥬","⥭⥰⥱⥲⥴⥵⥶⥸⥹⥻⧏⧐⬅⬒⬓⬔","⬕⬖⬗⬘⬙⬚⬟⬠⬡⬢⬣⭓ⱧⱮⴱⴲ","ⵀⵁⵔⵕⵙⵚ䷀䷁䷂䷃䷄䷅䷆䷇䷈䷉","䷊䷋䷌䷍䷎䷏䷐䷑䷒䷓䷔䷕䷖䷗䷘䷙","䷚䷛䷜䷝䷞䷟䷠䷡䷢䷣䷤䷥䷦䷧䷨䷩","䷪䷫䷬䷭䷮䷯䷰䷱䷲䷳䷴䷵䷶䷷䷸䷹"]},{"type":"bitmap","file":"betterhud:text_font2_45.png","ascent":-8417220,"height":8,"chars":["䷺䷻䷼䷽䷾䷿ꓟꙐꙑꙗꙦꙪꙮꝊꞠꞪ","ꟺꟽﬡﬣﬦﭒﭖ","ﭚﭞﭢﭦﯥﯽﺊﺏﺕﺙﺳﺴﺷﺸﺹﺺ","ﺻﺼﺽﺾﺿﻀﻰﻲ𐌈𐌍𐌎𐌏𐌑𝌀𝌁𝌂","𝌃𝌄𝌅𝌆𝌇𝌈𝌉𝌊𝌋𝌌𝌍𝌎𝌏𝌐𝌑𝌒","𝌓𝌔𝌕𝌖𝌗𝌘𝌙𝌚𝌛𝌜𝌝𝌞𝌟𝌠𝌡𝌢","𝌣𝌤𝌥𝌦𝌧𝌨𝌩𝌪𝌫𝌬𝌭𝌮𝌯𝌰𝌱𝌲","𝌳𝌴𝌵𝌶𝌷𝌸𝌹𝌺𝌻𝌼𝌽𝌾𝌿𝍀𝍁𝍂","𝍃𝍄𝍅𝍆𝍇𝍈𝍉𝍊𝍋𝍌𝍍𝍎𝍏𝍐𝍑𝍒","𝍓𝍔𝍕𝍖𝐆𝐌𝐎𝐐𝐷𝐻𝑁𝑂𝑄𝑈𝑊𝑚","𝑤𝔻𝕄𝕨𝖬𝗐𝗗𝗢𝗤𝚯𝚳𝚶𝚹𝚽𝚿𝛀","𝛗𝛝𝝝𝝤𝝧𝝫𝝭𝝮𝞈𝞏𞸁𞸑𞸕𞸖𞸙𞸜"]},{"type":"bitmap","file":"betterhud:text_font2_46.png","ascent":-8417220,"height":8,"chars":["𞹢𞹤𞹧𞹬𞹱𞹷𞹹"]},{"type":"bitmap","file":"betterhud:text_font2_47.png","ascent":-8417217,"height":12,"chars":["ÐĐđħŁƀƇƈƓƝƬƳǤǥʐʮ","ϔђћѶѷҊҋҌҍҞҠҤҥҨҩҲ","ҳҵҶҷӅӆӉӊӍӎӹӺԆԇԎԏ","ԤԥԦԧԨԩԬԭԮԯᶁᶃᶆᶇᶍᶎ","ᶏᶐᶒᶓᶕᶗᶙỻἸἾἿῚΊꚀꚁꚈ"]},{"type":"bitmap","file":"betterhud:text_font2_48.png","ascent":-8417217,"height":12,"chars":["ꚉꚊꚋꚎꚒꚓꚗꞕꟆ"]},{"type":"bitmap","file":"betterhud:text_font2_49.png","ascent":-8417220,"height":8,"chars":["¤©®¼½¾ƁǉȡȵɄɎɏɚɝɷ","ʉωЂЉЖФШЫЮюљտփႡႢႥ","ႦႧႪႭႮႰႳႻჀჅლᛠᛢᛪᛳ…","‰※⁂⁈⁉₦₩₪₱₳₴₷₻℗←→","⇄∀∅∛∜∞≔⌀⌂⌘⌚⌛⏭⏮⏻⏼","╖╗╜╝╢╣░◎☂☃☄★☆☈☔☠","☻♫♬⚀⚁⚂⚃⚄⚅⚐⚓⚔⛨✉✎❄"]},{"type":"bitmap","file":"betterhud:text_font2_50.png","ascent":-8417220,"height":8,"chars":["❤⧈⭐⭘ⱱꜨﬀ�"]},{"type":"bitmap","file":"betterhud:text_font2_51.png","ascent":-8417220,"height":8,"chars":["ϢѠѤѨѩѬѸѺѼѽѾسشفښڛ","ڜڝڡڢڣڤڥڦکڪګگڰڱڲڳ","ڴໜໝᐒᐓᐔᐕᐘᐚᐫᑁᑃᑅᑇᓉᓜ","ᓞᓟᓠᓡᓢᓤᓧᓩᔝᔟᕛᕜᕨᕾᕿᖀ","ᖁᖂᖃᖄᖎᖑᖒᖖᙯᙱᙲᙳᙴᙵᙶᚖ","ᚗ‿⁐℀℁℃℅℆℡ℳ℺℻ⅶⅷⅻⅿ","ↂ∭∰≕≪≫⊶⊷⋈⋉⋊⋋⋌⋘⋙⋯","⋰⋱⋲⋺⌤⌥⌦⌧⌨⌫▁▂▃▅▆▇","▔▙▚▛▜▞▟◙◚◛◯☍☎⚢⚣⚤","⟸⟹⟺⟽⟾⥷⥺⧑⧒⧓⧔⧕⨀⨁⨂⨌","⬤ⱲⱳⵋꓪꙌꙍꙔꙖꙧꙬꙭꚘꚙꟿ","ﭓﭗﭛﭟﭣﭧﭪﭫﭮﭯﮎﮏ","ﮒﮓﮖﮗﮚﮛﺐﺖﺚﺱﺲﺵﺶﻑﻒ𐌌","𝐖𝐦𝑀𝕎𝕞𝖶𝗆𝗠𝗪𝗺𝘄𝛙𝛚𝛟𝛡𝝡","𞸎𞸐𞸔𞸞𞹨𞹮𞹴𞹺🀰🀱🀲🀳🀴🀵🀶🀷","🀸🀹🀺🀻🀼🀽🀾🀿🁀🁁🁂🁃🁄🁅🁆🁇"]},{"type":"bitmap","file":"betterhud:text_font2_52.png","ascent":-8417220,"height":8,"chars":["🁈🁉🁊🁋🁌🁍🁎🁏🁐🁑🁒🁓🁔🁕🁖🁗","🁘🁙🁚🁛🁜🁝🁞🁟🁠🁡🂠🂡🂢🂣🂤🂥","🂦🂧🂨🂩🂪🂫🂬🂭🂮🂱🂲🂳🂴🂵🂶🂷","🂸🂹🂺🂻🂼🂽🂾🃁🃂🃃🃄🃅🃆🃇🃈🃉","🃊🃋🃌🃍🃎🃏🃑🃒🃓🃔🃕🃖🃗🃘🃙🃚","🃛🃜🃝🃞🃟🌑🌒🌓🌔🌕🌖🌗🌘🐭🐮🐱","🐵😀😁😂😃😄😅😆😇😈😉😊😋😌😍😎","😏😐😑😒😓😔😕😖😗😘😙😚😛😜😝😞","😟😠😡😢😣😥😦😧😨😩😪😫😭😮😯😰","😱😲😳😴😵😶😷😸😹😺😻😼😽😾😿🙀"]},{"type":"bitmap","file":"betterhud:text_font2_53.png","ascent":-8417220,"height":8,"chars":["🙃"]},{"type":"bitmap","file":"betterhud:text_font2_54.png","ascent":-8417217,"height":12,"chars":["ďĦŉƊƠơƢƣƤƯưƴʧʪʫʯ","ΆΈΉΌΎΏώҴҼҽҾҿӁӜӸԄ","ԅᵬᵭᵯᵰᵱᵲᵳᵴỚớỜờỞởỠ","ỡỢợỨứỪừỬửỮữỰựỺἻἽ","ὠὡὢὣὤὥὦὧὼώᾠᾡᾢᾣᾤᾥ"]},{"type":"bitmap","file":"betterhud:text_font2_55.png","ascent":-8417217,"height":12,"chars":["ᾦᾧῲῳῴῶῷⱢ"]},{"type":"bitmap","file":"betterhud:text_font2_56.png","ascent":-8417220,"height":8,"chars":["ЩҖ—‱⁗™⅓⅔⅛⅜⅝⅞↔⇏⇒⇔","─┬┴┼═╤╥╦╧╨╩╪╫╬▀▄"]},{"type":"bitmap","file":"betterhud:text_font2_57.png","ascent":-8417220,"height":8,"chars":["█▒▓☀☁☽⛈⛏ꜹꜻﬃ"]},{"type":"bitmap","file":"betterhud:text_font2_58.png","ascent":-8417220,"height":8,"chars":["ᚃᚄᚅᚈᚉᚊᚍᚎᚏᚒᚓᚔᚘᚙ―𝐰"]},{"type":"bitmap","file":"betterhud:text_font2_59.png","ascent":-8417217,"height":12,"chars":["ƕǶʦʨҦҧԂԃԈԉԊԋԔԕԖԗ","ԠԡԢԣᵺἈἉἎἏἘἙἨἩἮἯἺ","ἼὈὉὙὟὨὩὮᾈᾉᾎᾏᾘᾙᾞᾟ","ᾨᾩᾮᾺΆῈΈῊΉῪΎῬῸΌῺΏ"]},{"type":"bitmap","file":"betterhud:text_font2_60.png","ascent":-8417217,"height":12,"chars":["ꚅꚖꜽ"]},{"type":"bitmap","file":"betterhud:text_font2_61.png","ascent":-8417217,"height":12,"chars":["ÆæŒœǄǅǆǇǈǊǋǌǢǣǱǲ","ǳǼǽȸȹɶʣʤʥʩϓӔӕԘԙԪ","ԫᴂᴔᵫἊἋἌἍἚἛἜἝἪἫἬἭ","ἹὊὋὌὍὛὝὪὫὬὭὯᾊᾋᾌᾍ","ᾚᾛᾜᾝᾪᾫᾬᾭᾯ⁇₧₨₯№ℹ⅒","⅘①②③④⑤⑥⑦⑧⑨⑩⑪⑫⑬⑭⑮","⑯⑰⑱⑲⑳ⒶⒷⒸⒹⒺⒻⒼⒽⒾⒿⓀ","ⓁⓂⓃⓄⓅⓆⓇⓈⓉⓊⓋⓌⓍⓎⓏⓐ","ⓑⓒⓓⓔⓕⓖⓗⓘⓙⓚⓛⓜⓝⓞⓟⓠ","ⓡⓢⓣⓤⓥⓦⓧⓨⓩ⓪☐☑☒☜☞☮","☯⚠ꚄꜲꜳꜴꜵꜶꜷꜸꜺꜼꝎꝏꭣﬄ"]},{"type":"bitmap","file":"betterhud:text_font2_62.png","ascent":-8417217,"height":12,"chars":["ﬆﬓﬔﬕﬖﬗ"]},{"type":"bitmap","file":"betterhud:glyph_coin.png","ascent":-8417219,"height":9,"chars":["󀀁"]},{"type":"bitmap","file":"betterhud:glyph_pin.png","ascent":-8417218,"height":10,"chars":["󀀃"]},{"type":"bitmap","file":"betterhud:glyph_compass.png","ascent":-8417218,"height":10,"chars":["󀀂"]}]}