{
    "model": {
        "type": "range_dispatch",
        "property": "custom_model_data",
        "fallback": {
            "type": "model",
            "model": "minecraft:item/paper"
        },
        "entries": [
            {
                "threshold": 10000,
                "model": {
                    "type": "model",
                    "model": "pack:item/icons/empty"
                }
            },
            {
                "threshold": 10500,
                "model": {
                    "type": "model",
                    "model": "pack:item/icons/locked_enchant_placement_slot"
                }
            },
            {
                "threshold": 13000,
                "model": {
                    "type": "model",
                    "model": "pack:item/icons/coin"
                }
            },
            {
                "threshold": 13010,
                "model": {
                    "type": "model",
                    "model": "pack:item/tools/claiming_tool"
                }
            },
            {
                "threshold": 14000,
                "model": {
                    "type": "model",
                    "model": "pack:item/dragon/crate"
                }
            },
            {
                "threshold": 20100,
                "model": {
                    "type": "model",
                    "model": "pack:item/dragon/cards/sword_card"
                }
            },
            {
                "threshold": 20101,
                "model": {
                    "type": "model",
                    "model": "pack:item/dragon/cards/pickaxe_card"
                }
            },
            {
                "threshold": 20102,
                "model": {
                    "type": "model",
                    "model": "pack:item/dragon/cards/axe_card"
                }
            },
            {
                "threshold": 20103,
                "model": {
                    "type": "model",
                    "model": "pack:item/dragon/cards/shovel_card"
                }
            },
            {
                "threshold": 20104,
                "model": {
                    "type": "model",
                    "model": "pack:item/dragon/cards/hoe_card"
                }
            },
            {
                "threshold": 20105,
                "model": {
                    "type": "model",
                    "model": "pack:item/dragon/cards/mace_card"
                }
            },
            {
                "threshold": 20106,
                "model": {
                    "type": "model",
                    "model": "pack:item/dragon/cards/helmet_card"
                }
            },
            {
                "threshold": 20107,
                "model": {
                    "type": "model",
                    "model": "pack:item/dragon/cards/chestplate_card"
                }
            },
            {
                "threshold": 20108,
                "model": {
                    "type": "model",
                    "model": "pack:item/dragon/cards/leggings_card"
                }
            },
            {
                "threshold": 20109,
                "model": {
                    "type": "model",
                    "model": "pack:item/dragon/cards/boots_card"
                }
            },
            {
                "threshold": 25000,
                "model": {
                    "type": "model",
                    "model": "pack:item/abilities/endhale"
                }
            },
            {
                "threshold": 25001,
                "model": {
                    "type": "model",
                    "model": "item/paper"
                }
            }
        ]
    }
}