{
  "oversized_in_gui": true,
  "model": {
    "type": "range_dispatch",
    "property": "custom_model_data",
    "entries": [
      {
        "threshold": 1,
        "model": {
          "type": "minecraft:special",
          "base": "pack:item/playerheads/flat",
          "model": {
            "type": "minecraft:player_head"
          }
        }
      }
    ],
    "fallback": {
      "type": "minecraft:special",
      "base": "minecraft:item/template_skull",
      "model": {
        "type": "minecraft:head",
        "kind": "player"
      }
    }
  }
}