{
   "sources":[
      {
         "type":"single",
         "resource":"pack:item/abilities/endhale"
      },
      {
         "type":"single",
         "resource":"pack:item/dragon/armor/boots"
      },
      {
         "type":"single",
         "resource":"pack:item/dragon/armor/chest"
      },
      {
         "type":"single",
         "resource":"pack:item/dragon/armor/helmet"
      },
      {
         "type":"single",
         "resource":"pack:item/dragon/armor/legs"
      },
      {
         "type":"single",
         "resource":"pack:item/dragon/cards/axe_card"
      },
      {
         "type":"single",
         "resource":"pack:item/dragon/cards/boots_card"
      },
      {
         "type":"single",
         "resource":"pack:item/dragon/cards/chestplate_card"
      },
      {
         "type":"single",
         "resource":"pack:item/dragon/cards/helmet_card"
      },
      {
         "type":"single",
         "resource":"pack:item/dragon/cards/hoe_card"
      },
      {
         "type":"single",
         "resource":"pack:item/dragon/cards/leggings_card"
      },
      {
         "type":"single",
         "resource":"pack:item/dragon/cards/mace_card"
      },
      {
         "type":"single",
         "resource":"pack:item/dragon/cards/pickaxe_card"
      },
      {
         "type":"single",
         "resource":"pack:item/dragon/cards/shovel_card"
      },
      {
         "type":"single",
         "resource":"pack:item/dragon/cards/sword_card"
      },
      {
         "type":"single",
         "resource":"pack:item/dragon/axe"
      },
      {
         "type":"single",
         "resource":"pack:item/dragon/crate"
      },
      {
         "type":"single",
         "resource":"pack:item/dragon/hoe"
      },
      {
         "type":"single",
         "resource":"pack:item/dragon/mace"
      },
      {
         "type":"single",
         "resource":"pack:item/dragon/pickaxe"
      },
      {
         "type":"single",
         "resource":"pack:item/dragon/shovel"
      },
      {
         "type":"single",
         "resource":"pack:item/dragon/sword"
      },
      {
         "type":"single",
         "resource":"pack:item/icons/coin"
      },
      {
         "type":"single",
         "resource":"pack:item/icons/empty"
      },
      {
         "type":"single",
         "resource":"pack:item/icons/locked_enchant_placement_slot"
      }
   ]
}